token_type,token_address,receiver,amount
erc20,0x4200000000000000000000000000000000000042,0x0e4cB1Ca39313a34b92CE39ba78748F7edD71E15,35.088
erc20,0x4200000000000000000000000000000000000042,0x3109a608e393f8c5A536C5c1FBfAABDb982cBBD6,35.088
erc20,0x4200000000000000000000000000000000000042,0x7C5093104E817C361808604e47C1605492A7436E,35.088
erc20,0x4200000000000000000000000000000000000042,0x47641bff717EB68F189F2e0852218634781a4A9c,35.088
erc20,0x4200000000000000000000000000000000000042,0xbbE6b6050Dc3457AF4fc0C422f1cD42993D2A767,35.088
erc20,0x4200000000000000000000000000000000000042,0x56Eac0bAF81DCaB4b302C8008Ec95b466F0664AF,35.088
erc20,0x4200000000000000000000000000000000000042,0xF7Fff4bbd506f4994738C5C8C86A409FcA929e5b,35.088
erc20,0x4200000000000000000000000000000000000042,0xabcAeC399A891Ed703d3B6889D0F385B5DF135DC,35.088
erc20,0x4200000000000000000000000000000000000042,0xCBF9FD96c81823BF23E3e2F51CaBa189f29104f3,35.088
erc20,0x4200000000000000000000000000000000000042,0xc8Cf6B03C2Aa80de2579dF02aA3beD1e716E1680,35.088
erc20,0x4200000000000000000000000000000000000042,0xCe797b56F9637aaf4058C38093949AAfbf48Ef57,35.088
erc20,0x4200000000000000000000000000000000000042,0xD9D836EBC67Abeec65b29E586F89816Dab991F69,35.088
erc20,0x4200000000000000000000000000000000000042,0x78b8A76BEa31733777556033e2a116df66C4C41C,35.088
erc20,0x4200000000000000000000000000000000000042,0x86D7933192B1fAccb62dB1e893dfe25D1e2104A7,35.088
erc20,0x4200000000000000000000000000000000000042,0xEd80D5A03e833D05BF190e116f22E5e447b8E39a,35.088
erc20,0x4200000000000000000000000000000000000042,0x3fC124728D1eE5FC2B95Fd60D8bd8C39788110d0,35.088
erc20,0x4200000000000000000000000000000000000042,0xCD1FF54458fcf47a90D57b546dD6E09a2A8cf561,35.088
erc20,0x4200000000000000000000000000000000000042,0xf4db9BD798156B4071f28910aEcC35dD9dE39E3C,35.088
erc20,0x4200000000000000000000000000000000000042,0x8a4a50B13Fd2cb36FeB96c408CB98B4c9F2b8F25,35.088
erc20,0x4200000000000000000000000000000000000042,0x75060d4a14735b4a416a26e3d5e64201590dA701,35.088
erc20,0x4200000000000000000000000000000000000042,0x1E593f9FAbd9A166fC6Dd0Ad8255A266fDfb490e,35.088
erc20,0x4200000000000000000000000000000000000042,0x9Afc59A4be9002129b778a00E00D78d6c1d67939,35.088
erc20,0x4200000000000000000000000000000000000042,0x5b05DF99fC93d76d31603427798c58fe15b62431,35.088
erc20,0x4200000000000000000000000000000000000042,0xD1A0B66835D830e9ada42eEf436f3AA8005b20B5,35.088
erc20,0x4200000000000000000000000000000000000042,0xDa9BfAA363DfCFa220516c6D0dE653389e8De01C,35.088
erc20,0x4200000000000000000000000000000000000042,0xF559306324BB49b5eF42103A7693700BDC58eE7A,35.088
erc20,0x4200000000000000000000000000000000000042,0xDd16f14AA9226E7ECC456f8b52427F92EB7B84ee,35.088
erc20,0x4200000000000000000000000000000000000042,0xB6c3e778FbfC698f5B3fc941fA4727525141E0Ca,35.088
erc20,0x4200000000000000000000000000000000000042,0x23d638FC1b6792CecCb33D15Dc933bF7A920D53f,35.088
erc20,0x4200000000000000000000000000000000000042,0x48b0320c7E9Fc671841a713156dA73df75765c66,35.088
erc20,0x4200000000000000000000000000000000000042,0x3D460F28D48061B3bf1353B96c4Ba56011aD1FDc,35.088
erc20,0x4200000000000000000000000000000000000042,0x8ce4fe19ac5ea0df14200FADd5450c3cF40CF0D0,35.088
erc20,0x4200000000000000000000000000000000000042,0x597BEa912e8734E17DDc4f43A489a1472d9459cF,35.088
erc20,0x4200000000000000000000000000000000000042,0x7239C9c7Ca2ed6F684182FcA881618fE4b557f9E,35.088
erc20,0x4200000000000000000000000000000000000042,0x8deE4B54deC826b85bad2b09d9447ed0959DDdB4,35.088
erc20,0x4200000000000000000000000000000000000042,0xAfD9C0553365A7eAcfF1C60D538807Cf1f84C8DE,35.088
erc20,0x4200000000000000000000000000000000000042,0x687aff5dfF1764f32A242D7d75215386372E0289,35.088
erc20,0x4200000000000000000000000000000000000042,0x683306052fcBD474Fdc754d13e00866276d3E3e1,35.088
erc20,0x4200000000000000000000000000000000000042,0x311d85DA0c2F2b685aae66a7Ff54bF8Ee9C8277A,35.088
erc20,0x4200000000000000000000000000000000000042,0x8143107F25d8f9ea5A3643CDd0Bf7aC68d8c3277,35.088
erc20,0x4200000000000000000000000000000000000042,0x7DA04356B9536F4a949Bfc17114e242e84AFCdF4,35.088
erc20,0x4200000000000000000000000000000000000042,0xb001373b6F8d09Af6560fB689Aa5f3463F9709e1,35.088
erc20,0x4200000000000000000000000000000000000042,0xf211D1166b9a07109174372fA2471e211Ce7286f,35.088
erc20,0x4200000000000000000000000000000000000042,0x76E4f864bbEb60Bee66Ff5BbcD32dEcAF7FBDE71,35.088
erc20,0x4200000000000000000000000000000000000042,0x4815Ee939fE2efeC2f7bc415f0cE2282f6417fe9,35.088
erc20,0x4200000000000000000000000000000000000042,0xfF6139236404725d723E47Ee0068A8572a2f2f71,35.088
erc20,0x4200000000000000000000000000000000000042,0x6E2c266a5fd854373ede37CDcb1bF3Eb06900B07,35.088
erc20,0x4200000000000000000000000000000000000042,0xbF49B454818783D12Bf4f3375ff17C59015e66Cb,35.088
erc20,0x4200000000000000000000000000000000000042,0xCfc3Fd75883138D0Ef8952617230E2C703cF1fd0,35.088
erc20,0x4200000000000000000000000000000000000042,0xADa1c199aa6f0D4340a2d8225ECd0804aAAF4690,35.088
erc20,0x4200000000000000000000000000000000000042,0x3491aeF77C91edD435347CC61a926a31157a497d,35.088
erc20,0x4200000000000000000000000000000000000042,0xb8530006b544561E8Ae916bD34b06E6D7Ad0c001,35.088
erc20,0x4200000000000000000000000000000000000042,0xC5aFc3a0F462C5a387393421b6A253204a3Be8D2,35.088
erc20,0x4200000000000000000000000000000000000042,0x2d9daC5fc34696D6cB829EA718DF63BA826977af,35.088
erc20,0x4200000000000000000000000000000000000042,0xb7aa9F0fFb25c4d8B3D7A66f1D7D3E59b7E09658,35.088
erc20,0x4200000000000000000000000000000000000042,0x613D330E15e6c54c64B02F23D11a07D38ad911FE,35.088
erc20,0x4200000000000000000000000000000000000042,0x344b1E4Ac175f16D3bA40A688cA928E3768E275a,35.088
erc20,0x4200000000000000000000000000000000000042,0x4F49C34759B7e888cE77de9dd34FEC63d63495CC,35.088
erc20,0x4200000000000000000000000000000000000042,0x8008C76d9d9484b6Af5d53B7426b1c84A63dbfE4,35.088
erc20,0x4200000000000000000000000000000000000042,0xA788E0586409FA4eaF986E24604003adaa3dcC9d,35.088
erc20,0x4200000000000000000000000000000000000042,0x43e65F8116174d1c38Eed3545d21fC37ea34B565,35.088
erc20,0x4200000000000000000000000000000000000042,0x12846A6Da4e729a6B5c33d32F93bf52EE3CAe8C3,35.088
erc20,0x4200000000000000000000000000000000000042,0x0E80A01f8E69D535975Fa34e64498651BC74247f,35.088
erc20,0x4200000000000000000000000000000000000042,0x94109b35Fee4c92489Beb6d14a973873FA39f3ec,35.088
erc20,0x4200000000000000000000000000000000000042,0xEa82A6482Bb7Ea76114255E74d78fB9B345f25Da,35.088
erc20,0x4200000000000000000000000000000000000042,0x9d2897D8a487770e906F9f1360Bb884680557dB0,35.088
erc20,0x4200000000000000000000000000000000000042,0xD03aC7736dc5115E983ADfe49a10547731914cC6,35.088
erc20,0x4200000000000000000000000000000000000042,0x9c9463F9cf0F2c7Ad231C00B4971e68c29c298Cb,35.088
erc20,0x4200000000000000000000000000000000000042,0x9B41530560681FaF2297DE704b1dF682759b0eB8,35.088
erc20,0x4200000000000000000000000000000000000042,0x877bfd84480d236Ff4209050eEE02CFbcc0BCC27,35.088
erc20,0x4200000000000000000000000000000000000042,0x3953EdC69Bfad109C8B6A94070Adb327CBe40F07,35.088
erc20,0x4200000000000000000000000000000000000042,0x5012a077e38A65B999388c5c89f18DBd21B45403,35.088
erc20,0x4200000000000000000000000000000000000042,0x9250DcCB32C94125326C5e4dc3329dCcb2d804C4,35.088
erc20,0x4200000000000000000000000000000000000042,0xA2D35E418814A8b6367c66a5ac2FEc8ea16332b2,35.088
erc20,0x4200000000000000000000000000000000000042,0xD2602C7bDFC9F413974e944280BbFae275d1B1b6,35.088
erc20,0x4200000000000000000000000000000000000042,0x5c78F7a59DEF43F5b2aCE13AE23bAbaE88Bc9527,35.088
erc20,0x4200000000000000000000000000000000000042,0x6DaC996E32cEBcA0afa8Fc701C5eF65088a90947,35.088
erc20,0x4200000000000000000000000000000000000042,0x49BDea09E06Cf02875FC74c8824187458F40F22C,35.088
erc20,0x4200000000000000000000000000000000000042,0x895eA5c14E3F46D5718aA9f74b76f7e127E1B3C6,35.088
erc20,0x4200000000000000000000000000000000000042,0xe6b5A31d8bb53D2C769864aC137fe25F4989f1fd,35.088
erc20,0x4200000000000000000000000000000000000042,0xBd5f593C86319523e6E8AfE60dEdBEfaeDBdB8C9,35.088
erc20,0x4200000000000000000000000000000000000042,0xdCAd95C9894d80fB30817F59e7619Fd9128f64d1,35.088
erc20,0x4200000000000000000000000000000000000042,0x84bA4CC104a729A745B63374CbC924aD4ceea841,35.088
erc20,0x4200000000000000000000000000000000000042,0xf22f466323e7e9B388D612af9Bb9659318cd2435,35.088
erc20,0x4200000000000000000000000000000000000042,0x7894b2fbb044a969EA22cBDB283c7DB9E06d3B66,35.088
erc20,0x4200000000000000000000000000000000000042,0xF31d75e05d75D145BeeC47bC2447b823c5fF45B5,35.088
erc20,0x4200000000000000000000000000000000000042,0xEA5Bb9279C3e5aeEd8c82aa2B922300dEA237740,35.088
erc20,0x4200000000000000000000000000000000000042,0x761C9c5A71F45a843263070eBEdE70ec1641D59d,35.088
erc20,0x4200000000000000000000000000000000000042,0x239F6c4B83904aC0FB837Cb3a7aec6BeE5c8540A,35.088
erc20,0x4200000000000000000000000000000000000042,0xF96674b7D80f57276C35A6A37bf2B6f937367F4A,35.088
erc20,0x4200000000000000000000000000000000000042,0xcD097cd5A1acbC2F52F1a018bf47C9089A54D6aa,35.088
erc20,0x4200000000000000000000000000000000000042,0x7f4F303A2B372c004a3C8497D157Bd0f74E592fE,35.088
erc20,0x4200000000000000000000000000000000000042,0x5547150E553fe3D461333f6D4b30a5fb312538a3,35.088
erc20,0x4200000000000000000000000000000000000042,0xF8B31E6Cdc9C3C457F3857E0d71410D6142B242F,35.088
erc20,0x4200000000000000000000000000000000000042,0x88Df4D4240d4F388A88d9edC1DbC7D0154B996Cf,35.088
erc20,0x4200000000000000000000000000000000000042,0xa54C60Bd2294a6c1c86e57787981AfAcf9ef86E7,35.088
erc20,0x4200000000000000000000000000000000000042,0x16b0d2FF92fB7651Cb6C5be722a32376BB190315,35.088
erc20,0x4200000000000000000000000000000000000042,0xF2f3d01b47c21a2339f3A508531DA76A9380dCd7,35.088
erc20,0x4200000000000000000000000000000000000042,0xCC459846FF7587A972CaEFF28315c8D20390c4bd,35.088
erc20,0x4200000000000000000000000000000000000042,0xEc232193782425885d3a8946E9e89de00fcB441a,35.088
erc20,0x4200000000000000000000000000000000000042,0xA0efD27acC781549D5b78e89E561AA0903932d56,35.088
erc20,0x4200000000000000000000000000000000000042,0x119a849400dd8b61c8AB8995cb37AF32dBBD2D8B,35.088
erc20,0x4200000000000000000000000000000000000042,0x4347323e6e135933e2Fed641f49B77cB40751CE1,35.088
erc20,0x4200000000000000000000000000000000000042,0xb892357feCeA499F4285135301A423A832aBD1b2,35.088
erc20,0x4200000000000000000000000000000000000042,0xB31b6b4006e75A56C5B43D76D1E239d0C2831B6b,35.088
erc20,0x4200000000000000000000000000000000000042,0xe3F53c459985051FfA4d8069008a58742C22a5b0,35.088
erc20,0x4200000000000000000000000000000000000042,0xbAB6F5C97535e1689630d051360D7baDf7Bb7A14,35.088
erc20,0x4200000000000000000000000000000000000042,0xE2055492361513502D67f3c7538B0afFb03734A4,35.088
erc20,0x4200000000000000000000000000000000000042,0x42eEB118EF99133D50eEb49F74Aa9256318b0627,35.088
erc20,0x4200000000000000000000000000000000000042,0x3A94b4f1f4C7b06e490BA9de85D6af3269d17076,35.088
erc20,0x4200000000000000000000000000000000000042,0xA63b833C4bB36bF5E9d1C981Fb17a4fF37dD68f3,35.088
erc20,0x4200000000000000000000000000000000000042,0x66D071A20d7942767739BBca130E08e4848D12Bc,35.088
erc20,0x4200000000000000000000000000000000000042,0x25583CE7583FF3451d90bb12E11e925870450FEf,35.088
erc20,0x4200000000000000000000000000000000000042,0xFE27eC2e721302A9Bd9cA102edFfc6249A1B316E,35.088
erc20,0x4200000000000000000000000000000000000042,0x062168300176aA3947d2FEebccEe188eF35aBeb5,35.088
erc20,0x4200000000000000000000000000000000000042,0xD4bD16f0440956fc78E479D6A125Db5635eDe553,35.088
erc20,0x4200000000000000000000000000000000000042,0xf9e1D1e9F22c96752356AdFd377231528c7E851E,35.088
erc20,0x4200000000000000000000000000000000000042,0xcA39fDB1ec1d885318E6111F2eeF8B600Bc33dB9,35.088
erc20,0x4200000000000000000000000000000000000042,0x8eEF779818Afa953b0652e45438423ebE089F55A,35.088
erc20,0x4200000000000000000000000000000000000042,0x3fE2e08a1F7766606574a91a5CfAf3342d023947,35.088
erc20,0x4200000000000000000000000000000000000042,0x2126D723eCb1703d51caF3906355f802BbF2989D,35.088
erc20,0x4200000000000000000000000000000000000042,0x6e51fCF145Ef73D29f67026DF3365c82B3a1538f,35.088
erc20,0x4200000000000000000000000000000000000042,0x434ea8E0304e03f40fFda3eFe6B06fa11846a4A4,35.088
erc20,0x4200000000000000000000000000000000000042,0xB3bE89B013d6Ceacae9D7E7805E17849287eEC5f,35.088
erc20,0x4200000000000000000000000000000000000042,0x77DD1FcbcBfe981eC52027Ca1e2b715157dA7DbC,35.088
erc20,0x4200000000000000000000000000000000000042,0x7702697F429e12fBD432EC7364047A519e81408c,35.088
erc20,0x4200000000000000000000000000000000000042,0x082aae07A43Ae1885BcE54112B782592d99Eb049,35.088
erc20,0x4200000000000000000000000000000000000042,0x51fEdC21D840E13862e1fe02AaBFFA401ca4bF21,35.088
erc20,0x4200000000000000000000000000000000000042,0x184d473862543B07bEF4D217fd3D5C0D8893E71f,35.088
erc20,0x4200000000000000000000000000000000000042,0xfc427d3112cCEF24DcE7FdA59238aCECa2B8105a,35.088
erc20,0x4200000000000000000000000000000000000042,0x043AC44F8Cec7e359A31415f1e54459A8c2599a0,35.088
erc20,0x4200000000000000000000000000000000000042,0x2b5a0bE5940B63dE1eDdCCCa7bd977357e2488eD,35.088
erc20,0x4200000000000000000000000000000000000042,0x827B4277CeD13f7eCD6d37CC214C26bc6Ba1D76B,35.088
erc20,0x4200000000000000000000000000000000000042,0x2E3a5B0572d827dF95A497FFBf3d741fc6dDc776,35.088
erc20,0x4200000000000000000000000000000000000042,0xB225d717913B54E52BbD60b7f79fbdbc2bCD5CE2,35.088
erc20,0x4200000000000000000000000000000000000042,0x3489098656009933551426796894C51d52d9ee1F,35.088
erc20,0x4200000000000000000000000000000000000042,0x52bb895c18359647BEcDB665ebBab3F382e39Df8,35.088
erc20,0x4200000000000000000000000000000000000042,0x29f8d48ADC6328891b45100064738a9F3C7860F0,35.088
erc20,0x4200000000000000000000000000000000000042,0x12cc270Bb2136c772B7e28868D7782Aa62827229,35.088
erc20,0x4200000000000000000000000000000000000042,0xD68965a3Bc263c3a2d43c713cd971aE16c31CB18,35.088
erc20,0x4200000000000000000000000000000000000042,0xB9beee8F793f5caC19e0311D49382ba933A0065d,35.088
erc20,0x4200000000000000000000000000000000000042,0x657340f8F3187bB251700edE07140aaA93C08c35,35.088
erc20,0x4200000000000000000000000000000000000042,0x751A398c5d2a19FA4c8428014Dc3A35E415061df,35.088
erc20,0x4200000000000000000000000000000000000042,0xE0847fBB6581987CA66E955BD6e5138A3642246A,35.088
erc20,0x4200000000000000000000000000000000000042,0xeDC5EAC669E11a83D566A94359cC5a66dC935Ae7,35.088
erc20,0x4200000000000000000000000000000000000042,0xd84D7BDc4b79171917C81ddBB22A01139EB4cd84,35.088
erc20,0x4200000000000000000000000000000000000042,0xDdf820EfeD77eFdB2B13A379390b6225cAc2d168,35.088
erc20,0x4200000000000000000000000000000000000042,0x2984Bb4953cfCE2cEc957388BE686D6c38779234,35.088
erc20,0x4200000000000000000000000000000000000042,0x23E4bCd3d2A02F9791349eAC5692b4c153B1eE72,35.088
erc20,0x4200000000000000000000000000000000000042,0xf5472DDED051ab391358C427f87f8BFBC5C16CE7,35.088
erc20,0x4200000000000000000000000000000000000042,0x31A406EfBD18897c85A028CA2Ad9Bbf06FebAA2c,35.088
erc20,0x4200000000000000000000000000000000000042,0xE62EF24D033a593E8B0cc6cb9932aee4BeD9d1d8,35.088
erc20,0x4200000000000000000000000000000000000042,0x01feDe4Bb0f06cA47735BE98B7a083a60C087a7D,35.088
erc20,0x4200000000000000000000000000000000000042,0xF8e016D50e75C32de1f6aeab8395c96C4c76F9c1,35.088
erc20,0x4200000000000000000000000000000000000042,0xe376d5dF6BEE5863B772f3Ab11B81fEB0b3Ebdf0,35.088
erc20,0x4200000000000000000000000000000000000042,0xA1cDcfB9c90A745868a2c3a9866F1929f07e7821,35.088
erc20,0x4200000000000000000000000000000000000042,0x258B3859Bd1ec183E1CB0d124590894a0DCf85a4,35.088
erc20,0x4200000000000000000000000000000000000042,0x7b1768877a8Cb5f51ADB4c231626DaE8f862f881,35.088
erc20,0x4200000000000000000000000000000000000042,0xA41C7df6Ad3d886B436A54621c1385c6Ca51970e,35.088
erc20,0x4200000000000000000000000000000000000042,0x0E4e583EaaAfd1D57E883Ec6cbdb4915B3C31410,35.088
erc20,0x4200000000000000000000000000000000000042,0xADAA69402e7862e6C5Eb6647f05a8954620ee5d3,35.088
erc20,0x4200000000000000000000000000000000000042,0xB762C86cd8e1c8a2E564037688B5685A531E18F2,35.088
erc20,0x4200000000000000000000000000000000000042,0x8A0c098e896fa309828A35Ce714403D23cBBCf3A,35.088
erc20,0x4200000000000000000000000000000000000042,0x5c81975bdE46CA89c49b20eBD45487D2908FaaCA,35.088
erc20,0x4200000000000000000000000000000000000042,0xCBb54Eda2048b57d1b0Afb19a73948E9D58B6973,35.088
erc20,0x4200000000000000000000000000000000000042,0x7d7a53e0B9473Ec6A4D9F47E03BD19871203841d,35.088
erc20,0x4200000000000000000000000000000000000042,0x59455BA3D00Bb8cBeAd8fE6DB3973210e49D4303,35.088
erc20,0x4200000000000000000000000000000000000042,0x104D86705c46e9422B803AF522b43809f1C8e4e9,35.088
erc20,0x4200000000000000000000000000000000000042,0xD55F189478e546Cb368394D5048231A6ba26c099,35.088
erc20,0x4200000000000000000000000000000000000042,0xd9433fEB77953cF723f672b1E1dAf228AA3F55ae,35.088
erc20,0x4200000000000000000000000000000000000042,0xE23507DB4351cD60067a8f2D328328BD9Fa8Df34,35.088
erc20,0x4200000000000000000000000000000000000042,0xb1C11ecAF7B984cc71A9A3eaA4A093b93386998f,35.088
erc20,0x4200000000000000000000000000000000000042,0x2bC12061C8912505978472C21d4a23dB43AF62aA,35.088
erc20,0x4200000000000000000000000000000000000042,0xC227799abe8557a8Ecfe7297c4bC63e58EBAc8A3,35.088
erc20,0x4200000000000000000000000000000000000042,0x17A4199329820f7e6cf677b5d51716ac584CeDf9,35.088
erc20,0x4200000000000000000000000000000000000042,0xd9B325E4040AbdAe9aE4Bdc31bABF9698429aa53,35.088
erc20,0x4200000000000000000000000000000000000042,0x863314e95f894639Bab022b2189CecFe8c086ABd,35.088
erc20,0x4200000000000000000000000000000000000042,0xa4A45767A697384f685a916e17b1E35e37314540,35.088
erc20,0x4200000000000000000000000000000000000042,0x529656620D914443405A55ec42Ad0eAEaF0b4A2c,35.088
erc20,0x4200000000000000000000000000000000000042,0x83CA6e16db349f9E815509a3d3E99d9e8c758b3B,35.088
erc20,0x4200000000000000000000000000000000000042,0x9d77056156459335001147c870D10748182c6A86,35.088
erc20,0x4200000000000000000000000000000000000042,0x426cf0A8423A9522A78cd3325984AE000D425EeB,35.088
erc20,0x4200000000000000000000000000000000000042,0x1A81AFd356cF715dBa4b59d8242550BC7b7AD186,35.088
erc20,0x4200000000000000000000000000000000000042,0x0B6D7B0309c7123c5Ec04B00cc92cf1b9082C8C9,35.088
erc20,0x4200000000000000000000000000000000000042,0xfbf8D73CC01ac23C6c4243f576656434f594d3e2,35.088
erc20,0x4200000000000000000000000000000000000042,0x1ca3Aa0d0Ad5a34DAAFe372e43E6Ca55Be3B2D7E,35.088
erc20,0x4200000000000000000000000000000000000042,0x736eD70a9059978A9C7733cD65E780f0c7bD162c,35.088
erc20,0x4200000000000000000000000000000000000042,0xC8a8Bf2e37fC1a205fb8281A6a866Bc8F7110041,35.088
erc20,0x4200000000000000000000000000000000000042,0x38e4C7f518b7969BbB0326140Ca857a32Fe69B9A,35.088
erc20,0x4200000000000000000000000000000000000042,0x802dbD9Af9055C0c8C92C610106618289D31eff9,35.088
erc20,0x4200000000000000000000000000000000000042,0x43260994621E508b5Ca41D74b606d4000A46838E,35.088
erc20,0x4200000000000000000000000000000000000042,0x4CB11cc4Ce988B40a6C20E798904199519a665fa,35.088
erc20,0x4200000000000000000000000000000000000042,0xc330Feb66993346B932d397e085B6FC4234f97d9,35.088
erc20,0x4200000000000000000000000000000000000042,0xE983d2f4953C8cAf68Dd8f5a196D5fe5f12fbA91,35.088
erc20,0x4200000000000000000000000000000000000042,0x25CC275CFE3Cce1700E816e00d4CD1f60872038A,35.088
erc20,0x4200000000000000000000000000000000000042,0x97Ca9C21AF6b38aa7f8Df9B2DA2555f9346Fb89c,35.088
erc20,0x4200000000000000000000000000000000000042,0x51195454da5e19aF7e11370dDd85D91383e70904,35.088
erc20,0x4200000000000000000000000000000000000042,0x7D161bA844E4FC5a17f04796A2b8166Bf82972Ed,35.088
erc20,0x4200000000000000000000000000000000000042,0x09A3A850a138dAce342c79fC14F489e3C5269992,35.088
erc20,0x4200000000000000000000000000000000000042,0xc4BB7e8b4249B15FfF6165e4B67026B81AC41D92,35.088
erc20,0x4200000000000000000000000000000000000042,0x53CB0f7Aac2444A7e48Eb1A1C7f9Dec1B912CAd4,35.088
erc20,0x4200000000000000000000000000000000000042,0x6Ee2134DC15D8126190Bbae8413F0dA37517a4da,35.088
erc20,0x4200000000000000000000000000000000000042,0x082CDB957D0EF9aE865e71F0fBbc5D7E0AbA6e8c,35.088
erc20,0x4200000000000000000000000000000000000042,0x96F937286A008BD3D140F41dbaeDF4ad543B9A9c,35.088
erc20,0x4200000000000000000000000000000000000042,0xFa93c9A95727268b88Ff77b5396ED3B8b59a1BA1,35.088
erc20,0x4200000000000000000000000000000000000042,0x2856cf9905D923469bB749e9787Fc953B0a321e8,35.088
erc20,0x4200000000000000000000000000000000000042,0x7dC50796Fc2723F7cB74B4BD1C237FF942a65552,35.088
erc20,0x4200000000000000000000000000000000000042,0x487Ee2d3Cd6D5b9797CDF3131fD7b629f29f98b7,35.088
erc20,0x4200000000000000000000000000000000000042,0x5E156540978a1F1Ef032976F77d5d273Ca83Ace7,35.088
erc20,0x4200000000000000000000000000000000000042,0x3f286cC85F53d1fb7Fe9Ada4Abd030f01ee45228,35.088
erc20,0x4200000000000000000000000000000000000042,0x7Bd0faFe34a8B64AfAf16166d644CDbB2B950aaB,35.088
erc20,0x4200000000000000000000000000000000000042,0x29a834471B7F2a38805a5D58185d81EF41D27eB5,35.088
erc20,0x4200000000000000000000000000000000000042,0x06e5741722b8eFe11BAa4E9D4a4624C16A3Fd481,35.088
erc20,0x4200000000000000000000000000000000000042,0xB1aBD733F367137667460Eb821989BEB77d60939,35.088
erc20,0x4200000000000000000000000000000000000042,0x29B10B9081b2E4Aed5411a7154bB8559C89E8785,35.088
erc20,0x4200000000000000000000000000000000000042,0x196A44D1059E4eA9A528b3720eFbd969CB0Bd6cD,35.088
erc20,0x4200000000000000000000000000000000000042,0x5b0254bd9Dc7CFFCfDfBed999F6390AB2ac3811B,35.088
erc20,0x4200000000000000000000000000000000000042,0x138A87c80d1659AEe5e729221cA4872F51B2937d,35.088
erc20,0x4200000000000000000000000000000000000042,0x48f7D45FA696Dc89fF4f2233B25490455AE19DC2,35.088
erc20,0x4200000000000000000000000000000000000042,0x1c85d6Ae1336D0e4E3F165bbfA9641bfA04CeDb1,35.088
erc20,0x4200000000000000000000000000000000000042,0x2957C2968ebcB91f5683768a9bdC468d08C2a2C2,35.088
erc20,0x4200000000000000000000000000000000000042,0x19D7A7086E3a96E0aa783E59594eFf743eb12aCf,35.088
erc20,0x4200000000000000000000000000000000000042,0x1d347c5253586FA0412B0abe3452a2c958f894e5,35.088
erc20,0x4200000000000000000000000000000000000042,0x299DC65de39bd7b353F2e16881eadE0057d4D010,35.088
erc20,0x4200000000000000000000000000000000000042,0x4dfBd563F7055b8Ec1666A41e07a36f0f9f98B22,35.088
erc20,0x4200000000000000000000000000000000000042,0x011211eC9576923988C2Fe5aA3a362528c4e7e64,35.088
erc20,0x4200000000000000000000000000000000000042,0xf3a019D2f83D311bcDA86E380fBB36041ecfff64,35.088
erc20,0x4200000000000000000000000000000000000042,0x646785852122c618CB2BB1a0AAdA44f1795D5a4C,35.088
erc20,0x4200000000000000000000000000000000000042,0x95b05F935655c37ADa2088c5767E5006f230B068,35.088
erc20,0x4200000000000000000000000000000000000042,0xef50feE0c8861F3a022EE7a1F61bB11B6c5A1Fd8,35.088
erc20,0x4200000000000000000000000000000000000042,0x1d1eC8969BD49833b6512483A75c62Fa98621e8b,35.088
erc20,0x4200000000000000000000000000000000000042,0xd5BAF6781D46f7c360e45c6F3831349dE9Af6BeE,35.088
erc20,0x4200000000000000000000000000000000000042,0x6C73d98bF5d0e92b2a9FBbe74d0BFc8dd157b9Ee,35.088
erc20,0x4200000000000000000000000000000000000042,0xe077317C204bc995D556d9376F1adf048b512729,35.088
erc20,0x4200000000000000000000000000000000000042,0x81e877DD467F65b79AfF559a8fAFED6E95f01AD8,35.088
erc20,0x4200000000000000000000000000000000000042,0x30DA63Aa78B5dc58c06F3B9de73207A12614fE59,35.088
erc20,0x4200000000000000000000000000000000000042,0xe610425aC53A9DE62F91C256871Cd99083b7bf48,35.088
erc20,0x4200000000000000000000000000000000000042,0xEF13B0272700ca22C57E055f0d2ad40d6C78155E,35.088
erc20,0x4200000000000000000000000000000000000042,0xc28466bBD0F2f519829fEaEBA61470A381c5d07b,35.088
erc20,0x4200000000000000000000000000000000000042,0x020Ee2b3876d33EdE0D7C751a3a4593CAB11b90b,35.088
erc20,0x4200000000000000000000000000000000000042,0xa34FdaE47f0EF4988Cd2D1c37A91Bb9AC584D4E7,35.088
erc20,0x4200000000000000000000000000000000000042,0xE0279B1532c9f5De97cc2Ce5f47F8B8A5761265F,35.088
erc20,0x4200000000000000000000000000000000000042,0x2895FF2286A610FE63c6412FCf2D46127439FA68,35.088
erc20,0x4200000000000000000000000000000000000042,0x1cc42446804338f73C9cBa99B5a0e0A695fe1074,35.088
erc20,0x4200000000000000000000000000000000000042,0xB24B961C30F5a4A0F599513c52b790c2b369d7e0,35.088
erc20,0x4200000000000000000000000000000000000042,0x6198A21292308cE287eb9e36e273c1773c5cA888,35.088
erc20,0x4200000000000000000000000000000000000042,0xB26B5137BE5A7bB991Fa63A36a8EaA3daF394B7b,35.088
erc20,0x4200000000000000000000000000000000000042,0xE97F557C7991ed5290234b3225254d12df62732d,35.088
erc20,0x4200000000000000000000000000000000000042,0xaebAea3A77E0Fa4784654b32C5d49370e742c93C,35.088
erc20,0x4200000000000000000000000000000000000042,0xda3b62C6f1611894e578c908EC90Ec2765872088,35.088
erc20,0x4200000000000000000000000000000000000042,0xb1a3EB48091fcfC4EdD53745d4afb1763F004B88,35.088
erc20,0x4200000000000000000000000000000000000042,0xc1bc64efc56D7dBe2116c93d7CB7AA751c6E1a33,35.088
erc20,0x4200000000000000000000000000000000000042,0x15FECfa8Fa295ad7383D84D172DBE51792fA95bB,35.088
erc20,0x4200000000000000000000000000000000000042,0x09b93AbCA90eC10B8572d257Ed691c8F82Fc1A3c,35.088
erc20,0x4200000000000000000000000000000000000042,0x89f80508845277300e5bCd612904F7B4bf0d8369,35.088
erc20,0x4200000000000000000000000000000000000042,0xf9d5755695f927f60a82c12A2109a9D3de33294F,35.088
erc20,0x4200000000000000000000000000000000000042,0x396E17973a47e7C663CcC6cd6f1E5B0523100CE3,35.088
erc20,0x4200000000000000000000000000000000000042,0x95d1750822e8D87423961E9d0A9C91e303Fa3b19,35.088
erc20,0x4200000000000000000000000000000000000042,0x0CAf6FEf595e25bD18083D07f4c1D143Ee33E298,35.088
erc20,0x4200000000000000000000000000000000000042,0x54316Fec7AA48213439F0d9085175F930b7C815e,35.088
erc20,0x4200000000000000000000000000000000000042,0xe19c73656bd9cc7efCDbADf8d9A82db6bB38c5bb,35.088
erc20,0x4200000000000000000000000000000000000042,0x266819E6C2Bc359EEF9f2F850E3701F56a16E8f7,35.088
erc20,0x4200000000000000000000000000000000000042,0xD0886275a97757676f051B29D3b636bADcB1Acb5,35.088
erc20,0x4200000000000000000000000000000000000042,0x4581b0c0D0d6Db8Bf970E93d6bAa004F0254d6Fb,35.088
erc20,0x4200000000000000000000000000000000000042,0xC529f8B3Ba2B9ffC16c00f108780E91E752D8567,35.088
erc20,0x4200000000000000000000000000000000000042,0x6Bb275953D6297261386A8eAC44db37e8f278eBF,35.088
erc20,0x4200000000000000000000000000000000000042,0xB533c548d50eD51e77D2511dD90E581f0c1782bf,35.088
erc20,0x4200000000000000000000000000000000000042,0xAcd54246EDa0c5638a247C4717a8782c21497eb6,35.088
erc20,0x4200000000000000000000000000000000000042,0xC1A3078e1308ae72c79B472A92b1282Ddef5Bd7A,35.088
erc20,0x4200000000000000000000000000000000000042,0xF059B59bdbeC91d83C558B4a3CD3c1c6E275F2F1,35.088
erc20,0x4200000000000000000000000000000000000042,0xb10bd5CFE2744fBe2916d2a7dC59a939617dfe1B,35.088
erc20,0x4200000000000000000000000000000000000042,0xb4DF8032F321A7192ac81AafE7fAB0dec25abA3A,35.088
erc20,0x4200000000000000000000000000000000000042,0x9924A2191Db3Dac662dAa48eF9F31a9EEf1d5962,35.088
erc20,0x4200000000000000000000000000000000000042,0x88B8dD3E10788B48314567F512CD3180716F8D5D,35.088
erc20,0x4200000000000000000000000000000000000042,0x841AD0AbAb2D33520ca236A2F5D8b038adDc12BA,35.088
erc20,0x4200000000000000000000000000000000000042,0x0d6b42b42bF039c9ea9012cb6f996a28bF01B7F0,35.088
erc20,0x4200000000000000000000000000000000000042,0x732b1fbA61Aa306BfBAa5dfd27431695FAB10651,35.088
erc20,0x4200000000000000000000000000000000000042,0x61AdAa3e0E765C3907359D04F2a076cbCA18b179,35.088
erc20,0x4200000000000000000000000000000000000042,0xb2eec968B68B9BDd10Bc8E0BC0aABfcC1Ef90ecB,35.088
erc20,0x4200000000000000000000000000000000000042,0xce49856f5D8c8091F0831e60045F91F0db020EFC,35.088
erc20,0x4200000000000000000000000000000000000042,0x25B6c539F800A93D2f908ed365EC77eAae293A4e,35.088
erc20,0x4200000000000000000000000000000000000042,0xF95dFb129223Ae03Dc8121b16EE8C872DB8D396d,35.088
erc20,0x4200000000000000000000000000000000000042,0xeAfcB5B9F0bE74296d89182C9915117e59882f2A,35.088
erc20,0x4200000000000000000000000000000000000042,0x1C05dEcb151A459E8B045a93f472D1B238204094,35.088
erc20,0x4200000000000000000000000000000000000042,0xD131F1BcDd547e067Af447dD3C36C99d6be9FdEB,35.088